congress,chamber,icpsr,state_icpsr,district_code,state_abbrev,party_code,occupancy,last_means,bioname,bioguide_id,born,died,dim1,dim2,log_likelihood,geo_mean_probability,number_of_votes,number_of_errors,conditional
112,President,99911,99,0,USA,100,0,0,"OBAMA, Barack",O000167,1961,,-0.354,-0.203,-50.85915,0.83,273,21,
112,House,20300,41,1,AL,200,0,1,"BONNER, Jr., Josiah Robins (Jo)",B001244,1959,,0.367,0.513,-146.62502,0.9,1390,57,
112,House,20301,41,3,AL,200,0,1,"ROGERS, Mike Dennis",R000575,1958,,0.335,0.437,-153.34043,0.89791,1424,63,1.0
112,House,21102,41,7,AL,100,0,1,"SEWELL, Terri",S001185,1965,,-0.393,0.413,-259.45762,0.83028,1395,98,1.0
112,House,21192,41,2,AL,200,0,1,"ROBY, Martha",R000591,1976,,0.36,0.661,-149.48075,0.90048,1426,60,1.0
112,House,21193,41,5,AL,200,0,1,"BROOKS, Mo",B001274,1954,,0.595,-0.402,-231.92762,0.85019,1429,101,1.0
112,House,29301,41,6,AL,200,0,1,"BACHUS, Spencer T., III",B000013,1947,,0.387,0.228,-182.54918,0.876,1382,78,
112,House,29701,41,4,AL,200,0,1,"ADERHOLT, Robert",A000055,1965,,0.36,0.589,-180.49635,0.88087,1423,76,1.0
112,House,14066,81,1,AK,200,0,1,"YOUNG, Donald Edwin",Y000033,1933,,0.278,0.005,-372.2551,0.74662,1274,153,1.0
112,House,20100,61,6,AZ,200,0,1,"FLAKE, Jeff",F000444,1962,,0.855,-0.518,-192.73056,0.8707,1392,71,1.0
112,House,20304,61,2,AZ,200,0,1,"FRANKS, Trent",F000448,1957,,0.75,0.093,-198.35583,0.86929,1416,84,1.0
112,House,20305,61,7,AZ,100,0,1,"GRIJALVA, Raúl M.",G000551,1948,,-0.596,-0.251,-171.12927,0.88393,1387,69,1.0
112,House,20701,61,8,AZ,100,1,1,"GIFFORDS, Gabrielle",G000554,1970,,-0.11,0.076,,,,,
112,House,21103,61,1,AZ,200,0,1,"GOSAR, Paul",G000565,1958,,0.602,-0.312,-232.60471,0.84447,1376,107,1.0
112,House,21104,61,3,AZ,200,0,1,"QUAYLE, Ben",Q000024,1976,,0.712,0.222,-154.5331,0.893,1371,74,
112,House,21105,61,5,AZ,200,0,1,"SCHWEIKERT, David",S001183,1962,,0.639,-0.323,-182.87998,0.8794,1423,70,1.0
112,House,21199,61,8,AZ,100,2,2,"BARBER, Ron",B001279,1945,,-0.123,0.001,-73.55459,0.727,231,26,
112,House,29101,61,4,AZ,100,0,1,"PASTOR, Ed",P000099,1943,,-0.421,0.12,-300.85852,0.808,1412,152,
112,House,20102,42,4,AR,100,0,1,"ROSS, Michael Avery",R000573,1961,,-0.201,0.89,-422.32622,0.738,1387,192,
112,House,21106,42,1,AR,200,0,1,"CRAWFORD, Rick",C001087,1966,,0.357,0.504,-125.80914,0.9155,1425,52,1.0
112,House,21107,42,2,AR,200,0,1,"GRIFFIN, Tim",G000567,1968,,0.41,0.421,-162.76919,0.892,1423,74,
112,House,21108,42,3,AR,200,0,1,"WOMACK, Steve",W000809,1957,,0.329,0.596,-124.78368,0.91666,1434,53,1.0
112,House,14053,71,13,CA,100,0,1,"STARK, Fortney Hillman (Pete), Jr.",S000810,1931,,-0.631,-0.605,-160.84025,0.888,1354,69,
112,House,14256,71,7,CA,100,0,1,"MILLER, George",M000725,1945,,-0.552,-0.398,-201.30439,0.864,1377,90,
112,House,14280,71,30,CA,100,0,1,"WAXMAN, Henry Arnold",W000215,1939,,-0.473,-0.343,-174.19722,0.883,1401,66,
112,House,14644,71,41,CA,200,0,1,"LEWIS, Charles Jeremy (Jerry)",L000274,1934,,0.348,-0.101,-186.97801,0.861,1246,66,
112,House,14647,71,3,CA,200,0,1,"LUNGREN, Daniel Edward",L000517,1946,,0.497,-0.054,-260.3908,0.833,1424,122,
112,House,14813,71,26,CA,200,0,1,"DREIER, David Timothy",D000492,1952,,0.478,-0.084,-248.0076,0.839,1417,112,
112,House,15005,71,28,CA,100,0,1,"BERMAN, Howard Lawrence",B000410,1941,,-0.404,-0.286,-217.35245,0.851,1352,92,
112,House,15413,71,24,CA,200,0,1,"GALLEGLY, Elton W.",G000021,1944,,0.402,-0.1,-194.95235,0.864,1333,74,
112,House,15420,71,2,CA,200,0,1,"HERGER, Walter William (Wally)",H000528,1945,,0.551,0.117,-136.48577,0.905,1374,52,
112,House,15448,71,8,CA,100,0,1,"PELOSI, Nancy",P000197,1940,,-0.493,-0.204,-160.99569,0.88615,1332,72,1.0
112,House,15621,71,46,CA,200,0,1,"ROHRABACHER, Dana",R000409,1947,,0.628,-0.4,-294.91117,0.81103,1408,126,1.0
112,House,20103,71,15,CA,100,0,1,"HONDA, Mike",H001034,1941,,-0.529,-0.482,-158.77275,0.89,1361,66,
112,House,20104,71,29,CA,100,0,1,"SCHIFF, Adam",S001150,1960,,-0.346,-0.131,-188.72246,0.87644,1431,71,1.0
112,House,20107,71,49,CA,200,0,1,"ISSA, Darrell",I000056,1953,,0.509,-0.077,-161.77532,0.89117,1404,54,1.0
112,House,20108,71,53,CA,100,0,1,"DAVIS, Susan A.",D000598,1944,,-0.345,-0.093,-197.17602,0.87052,1422,77,1.0
112,House,20306,71,18,CA,100,0,1,"CARDOZA, Dennis A.",C001050,1959,,-0.262,0.609,-479.67818,0.651,1119,236,
112,House,20307,71,21,CA,200,0,1,"NUNES, Devin",N000181,1973,,0.453,0.18,-165.29645,0.8896,1413,73,1.0
112,House,20310,71,39,CA,100,0,1,"SÁNCHEZ, Linda T.",S001156,1969,,-0.505,-0.166,-160.67315,0.88645,1333,62,1.0
112,House,20501,71,20,CA,100,0,1,"COSTA, Jim",C001059,1952,,-0.185,0.468,-604.70212,0.64335,1371,299,1.0
112,House,20538,71,5,CA,100,0,1,"MATSUI, Doris",M001163,1944,,-0.436,-0.177,-171.58852,0.88678,1428,81,1.0
112,House,20539,71,48,CA,200,0,1,"CAMPBELL, John (of California)",C001064,1955,,0.748,-0.415,-297.99902,0.799,1331,138,
112,House,20702,71,11,CA,100,0,1,"McNERNEY, Jerry",M001166,1951,,-0.258,-0.131,-263.6505,0.83066,1421,99,1.0
112,House,20703,71,22,CA,200,0,1,"MCCARTHY, Kevin",M001165,1965,,0.462,0.193,-133.61642,0.90922,1404,46,1.0
112,House,20752,71,37,CA,100,0,1,"RICHARDSON, Laura",R000581,1962,,-0.339,-0.022,-319.85278,0.795,1398,135,
112,House,20762,71,12,CA,100,0,1,"SPEIER, Karen Lorraine Jacqueline (Jackie)",S001175,1950,,-0.388,-0.448,-221.42766,0.84317,1298,80,1.0
112,House,20903,71,4,CA,200,0,1,"McCLINTOCK, Tom",M001177,1956,,0.747,-0.53,-285.03896,0.8194,1431,127,1.0
112,House,20955,71,32,CA,100,2,2,"CHU, Judy",C001080,1953,,-0.504,-0.308,-149.85239,0.8978,1390,59,1.0
112,House,20958,71,10,CA,100,2,2,"GARAMENDI, John",G000559,1945,,-0.315,-0.091,-287.99186,0.80979,1365,122,1.0
112,House,20963,71,52,CA,200,0,1,"HUNTER, Duncan Duane",H001048,1976,,0.514,0.173,-189.09311,0.8754,1421,77,1.0
112,House,21109,71,19,CA,200,0,1,"DENHAM, Jeff",D000612,1967,,0.315,0.164,-213.60098,0.85896,1405,89,1.0
112,House,21110,71,33,CA,100,0,1,"BASS, Karen",B001270,1953,,-0.558,-0.132,-142.14381,0.89784,1319,60,1.0
112,House,21195,71,36,CA,100,2,2,"HAHN, Janice",H001063,1952,,-0.39,-0.376,-85.76862,0.9,812,34,
112,House,29106,71,35,CA,100,0,1,"WATERS, Maxine",W000187,1938,,-0.66,-0.083,-213.96256,0.85078,1324,90,1.0
112,House,29309,71,6,CA,100,0,1,"WOOLSEY, Lynn C.",W000738,1937,,-0.556,-0.529,-147.85223,0.899,1385,66,
112,House,29312,71,14,CA,100,0,1,"ESHOO, Anna Georges",E000215,1942,,-0.383,-0.425,-203.34021,0.86272,1377,90,1.0
112,House,29313,71,17,CA,100,0,1,"FARR, Sam",F000030,1941,,-0.455,-0.219,-202.03084,0.866,1406,71,
112,House,29315,71,25,CA,200,0,1,"McKEON, Howard P. (Buck)",M000508,1938,,0.396,0.208,-163.3949,0.889,1388,67,
112,House,29316,71,31,CA,100,0,1,"BECERRA, Xavier",B000287,1958,,-0.512,-0.283,-141.09089,0.90321,1386,62,1.0
112,House,29317,71,34,CA,100,0,1,"ROYBAL-ALLARD, Lucille",R000486,1941,,-0.47,-0.204,-138.12694,0.90579,1396,53,1.0
112,House,29318,71,36,CA,100,1,1,"HARMAN, Jane L.",H000213,1945,,-0.262,-0.12,-22.52676,0.767,85,6,
112,House,29321,71,40,CA,200,0,1,"ROYCE, Edward Randall",R000487,1951,,0.666,-0.366,-206.79805,0.86483,1424,90,1.0
112,House,29323,71,44,CA,200,0,1,"CALVERT, Ken",C000059,1953,,0.347,0.197,-146.36408,0.90173,1415,56,1.0
112,House,29325,71,51,CA,100,0,1,"FILNER, Bob",F000116,1942,,-0.652,0.002,-100.65144,0.903,988,42,
112,House,29504,71,16,CA,100,0,1,"LOFGREN, Zoe",L000397,1947,,-0.4,-0.455,-253.7161,0.83217,1381,97,1.0
112,House,29508,71,50,CA,200,0,1,"BILBRAY, Brian P.",B000461,1951,,0.392,-0.376,-383.20407,0.758,1384,164,
112,House,29707,71,27,CA,100,0,1,"SHERMAN, Brad",S000344,1954,,-0.344,-0.147,-196.29373,0.87115,1423,72,1.0
112,House,29709,71,47,CA,100,0,1,"SANCHEZ, Loretta",S000030,1960,,-0.367,0.025,-226.8276,0.841,1307,104,
112,House,29774,71,23,CA,100,0,1,"CAPPS, Lois",C001036,1938,,-0.389,-0.227,-148.65195,0.9,1418,65,
112,House,29775,71,45,CA,200,0,1,"BONO, Mary",B001228,1961,,0.353,-0.218,-272.49942,0.821,1385,118,
112,House,29778,71,9,CA,100,0,1,"LEE, Barbara",L000551,1946,,-0.685,-0.642,-149.27008,0.89713,1375,73,1.0
112,House,29901,71,1,CA,100,0,1,"THOMPSON, Michael",T000460,1951,,-0.395,0.065,-271.96871,0.82636,1426,147,1.0
112,House,29903,71,38,CA,100,0,1,"NAPOLITANO, Grace Flores",N000179,1936,,-0.446,-0.237,-141.5384,0.89737,1307,63,1.0
112,House,29905,71,42,CA,200,0,1,"MILLER, Gary G.",M001139,1948,,0.478,0.222,-166.02919,0.883,1338,74,
112,House,29942,71,43,CA,100,0,1,"BACA, Joe",B001234,1947,,-0.349,0.292,-241.24846,0.835,1340,85,
112,House,20704,62,5,CO,200,0,1,"LAMBORN, Doug",L000564,1954,,0.69,0.196,-135.75269,0.90759,1400,42,1.0
112,House,20705,62,7,CO,100,0,1,"PERLMUTTER, Ed",P000593,1953,,-0.286,0.109,-437.88167,0.73288,1409,181,1.0
112,House,20904,62,2,CO,100,0,1,"POLIS, Jared",P000598,1975,,-0.28,-0.675,-373.78494,0.75291,1317,140,1.0
112,House,20906,62,6,CO,200,0,1,"COFFMAN, Mike",C001077,1955,,0.501,-0.207,-287.77482,0.81702,1424,130,1.0
112,House,21111,62,3,CO,200,0,1,"TIPTON, Scott",T000470,1956,,0.461,-0.046,-298.32985,0.81182,1431,139,1.0
112,House,21112,62,4,CO,200,0,1,"GARDNER, Cory",G000562,1974,,0.456,0.002,-234.1024,0.84742,1414,104,1.0
112,House,29710,62,1,CO,100,0,1,"DeGETTE, Diana",D000197,1957,,-0.435,-0.308,-156.4239,0.89527,1414,57,1.0
112,House,20706,1,2,CT,100,0,1,"COURTNEY, Joe",C001069,1953,,-0.342,0.02,-226.09908,0.853,1422,96,1.0
112,House,20707,1,5,CT,100,0,1,"MURPHY, Christopher",M001169,1973,,-0.311,-0.186,-250.26478,0.83425,1381,94,1.0
112,House,20907,1,4,CT,100,0,1,"HIMES, James A.",H001047,1966,,-0.241,-0.266,-338.67257,0.78847,1425,142,1.0
112,House,29109,1,3,CT,100,0,1,"DeLAURO, Rosa L.",D000216,1943,,-0.418,-0.116,-156.49068,0.896,1425,61,1.0
112,House,29908,1,1,CT,100,0,1,"LARSON, John B.",L000557,1948,,-0.401,-0.063,-195.39485,0.86681,1367,79,1.0
112,House,21113,11,1,DE,100,0,1,"CARNEY, John C., Jr.",C001083,1956,,-0.256,-0.142,-337.76583,0.788,1421,134,
112,House,13047,43,10,FL,200,0,1,"YOUNG, Charles William (Bill)",Y000031,1930,2013.0,0.325,-0.112,-314.83026,0.787,1316,131,
112,House,15627,43,6,FL,200,0,1,"STEARNS, Clifford Bundy",S000822,1941,,0.554,-0.075,-233.35025,0.849,1424,99,
112,House,15634,43,18,FL,200,0,1,"ROS-LEHTINEN, Ileana",R000435,1952,,0.245,-0.228,-295.89854,0.81106,1413,106,1.0
112,House,20110,43,1,FL,200,0,1,"MILLER, Jefferson B. (Jeff)",M001144,1959,,0.633,0.155,-188.74901,0.873,1393,75,
112,House,20111,43,4,FL,200,0,1,"CRENSHAW, Ander",C001045,1944,,0.333,0.337,-165.98683,0.89,1424,70,
112,House,20316,43,21,FL,200,0,1,"DIAZ-BALART, Mario",D000600,1961,,0.278,0.082,-211.88669,0.85563,1359,74,1.0
112,House,20503,43,14,FL,200,0,1,"MACK, Connie, IV",M001155,1967,,0.601,-0.16,-168.18734,0.872,1225,62,
112,House,20504,43,20,FL,100,0,1,"WASSERMAN SCHULTZ, Debbie",W000797,1966,,-0.432,0.095,-169.25593,0.88184,1346,59,1.0
112,House,20708,43,11,FL,100,0,1,"CASTOR, Kathy",C001066,1966,,-0.433,0.031,-195.80432,0.86582,1359,89,1.0
112,House,20709,43,13,FL,200,0,1,"BUCHANAN, Vernon G.",B001260,1951,,0.359,-0.16,-260.98053,0.83081,1408,105,1.0
112,House,20758,43,9,FL,200,0,1,"BILIRAKIS, Gus",B001257,1963,,0.397,0.027,-199.31117,0.86615,1387,73,1.0
112,House,20909,43,15,FL,200,0,1,"POSEY, Bill",P000599,1947,,0.509,-0.32,-264.98525,0.83053,1427,118,1.0
112,House,20910,43,16,FL,200,0,1,"ROONEY, Thomas J.",R000583,1970,,0.469,0.007,-232.24234,0.84951,1424,98,1.0
112,House,20959,43,19,FL,100,2,2,"DEUTCH, Theodore E. (Ted)",D000610,1966,,-0.418,-0.064,-163.95275,0.88698,1367,71,1.0
112,House,21114,43,2,FL,200,0,1,"SOUTHERLAND, Steve",S001186,1965,,0.56,0.063,-199.73375,0.87,1431,94,
112,House,21115,43,5,FL,200,0,1,"NUGENT, Richard",N000185,1951,,0.483,0.077,-200.55318,0.869,1424,87,
112,House,21116,43,8,FL,200,0,1,"WEBSTER, Daniel A.",W000806,1949,,0.467,0.015,-240.14317,0.84411,1417,94,1.0
112,House,21117,43,12,FL,200,0,1,"ROSS, Dennis",R000593,1959,,0.536,0.076,-172.69861,0.88533,1418,66,1.0
112,House,21118,43,17,FL,100,0,1,"WILSON, Frederica",W000808,1942,,-0.476,-0.008,-159.43783,0.88524,1308,66,1.0
112,House,21119,43,22,FL,200,0,1,"WEST, Allen",W000807,1961,,0.451,0.043,-249.34459,0.84,1430,111,
112,House,21120,43,24,FL,200,0,1,"ADAMS, Sandra (Sandy)",A000366,1956,,0.577,0.043,-188.15606,0.877,1434,87,
112,House,21121,43,25,FL,200,0,1,"RIVERA, David",R000590,1965,,0.257,0.349,-159.86694,0.893,1414,52,
112,House,29328,43,3,FL,100,0,1,"BROWN, Corrine",B000911,1946,,-0.429,0.192,-217.51885,0.853,1369,78,
112,House,29331,43,7,FL,200,0,1,"MICA, John L.",M000689,1943,,0.453,0.137,-183.17067,0.879,1426,89,
112,House,29337,43,23,FL,100,0,1,"HASTINGS, Alcee Lamar",H000324,1936,,-0.564,0.143,-210.22456,0.86221,1418,86,1.0
112,House,15431,44,5,GA,100,0,1,"LEWIS, John R.",L000287,1940,,-0.588,-0.234,-152.67593,0.89351,1356,72,1.0
112,House,20319,44,11,GA,200,0,1,"GINGREY, Phil",G000550,1942,,0.561,0.272,-189.47756,0.87,1364,76,
112,House,20321,44,13,GA,100,0,1,"SCOTT, David",S001157,1945,,-0.304,0.181,-278.73715,0.8204,1408,101,1.0
112,House,20505,44,6,GA,200,0,1,"PRICE, Tom",P000591,1954,,0.644,-0.073,-160.33757,0.89393,1430,62,1.0
112,House,20506,44,3,GA,200,0,1,"WESTMORELAND, Lynn A.",W000796,1950,,0.672,0.189,-171.81261,0.886,1417,73,
112,House,20507,44,12,GA,100,0,1,"BARROW, John",B001252,1955,,-0.119,0.46,-578.55384,0.668,1432,257,
112,House,20712,44,4,GA,100,0,1,"JOHNSON, Hank",J000288,1954,,-0.474,0.069,-182.15542,0.87499,1364,74,1.0
112,House,20753,44,10,GA,200,0,1,"BROUN, Paul C., Jr.",B001262,1946,,0.913,-0.408,-192.64579,0.87,1378,85,
112,House,20962,44,9,GA,200,0,1,"GRAVES, Tom",G000560,1970,,0.756,-0.086,-156.42344,0.89611,1426,73,1.0
112,House,21122,44,7,GA,200,0,1,"WOODALL, Rob",W000810,1970,,0.655,-0.289,-252.32756,0.8372,1420,110,1.0
112,House,21123,44,8,GA,200,0,1,"SCOTT, Austin",S001189,1969,,0.591,0.198,-176.95003,0.88253,1416,67,1.0
112,House,29338,44,1,GA,200,0,1,"KINGSTON, Jack",K000220,1955,,0.54,0.302,-273.24294,0.825,1423,114,
112,House,29339,44,2,GA,100,0,1,"BISHOP, Sanford Dixon, Jr.",B000490,1947,,-0.279,0.476,-379.71636,0.75869,1375,168,1.0
112,House,20713,82,2,HI,100,0,1,"HIRONO, Mazie",H001042,1947,,-0.488,-0.097,-152.20999,0.88663,1265,56,1.0
112,House,21124,82,1,HI,100,0,1,"HANABUSA, Colleen",H001050,1951,,-0.381,0.008,-199.65142,0.86909,1423,77,1.0
112,House,21125,63,1,ID,200,0,1,"LABRADOR, Raúl R.",L000573,1967,,0.724,-0.57,-233.54565,0.84348,1372,105,1.0
112,House,29910,63,2,ID,200,0,1,"SIMPSON, Michael K.",S001148,1950,,0.294,0.273,-214.40374,0.85986,1420,79,1.0
112,House,15453,21,12,IL,100,0,1,"COSTELLO, Jerry Francis",C000794,1949,,-0.317,0.657,-517.30164,0.681,1348,231,
112,House,20116,21,15,IL,200,0,1,"JOHNSON, Timothy V.",J000285,1946,,0.264,-0.52,-596.89026,0.644,1357,287,
112,House,20508,21,3,IL,100,0,1,"LIPINSKI, Daniel",L000563,1966,,-0.235,0.198,-458.83314,0.72273,1413,192,1.0
112,House,20715,21,6,IL,200,0,1,"ROSKAM, Peter",R000580,1961,,0.44,0.031,-188.04002,0.87507,1409,76,1.0
112,House,20914,21,18,IL,200,0,1,"SCHOCK, Aaron",S001179,1981,,0.311,0.185,-221.02747,0.852,1375,97,
112,House,20954,21,5,IL,100,0,1,"QUIGLEY, Mike",Q000023,1958,,-0.318,-0.308,-245.00838,0.84142,1419,93,1.0
112,House,21126,21,8,IL,200,0,1,"WALSH, Joe",W000811,1961,,0.708,-0.707,-246.91471,0.837,1390,103,
112,House,21127,21,10,IL,200,0,1,"DOLD, Robert",D000613,1969,,0.2,-0.199,-441.31963,0.732,1416,183,
112,House,21128,21,11,IL,200,0,1,"KINZINGER, Adam",K000378,1978,,0.272,0.292,-241.43742,0.84283,1412,107,1.0
112,House,21129,21,14,IL,200,0,1,"HULTGREN, Randy",H001059,1966,,0.498,-0.034,-223.9702,0.85503,1430,95,1.0
112,House,21130,21,17,IL,200,0,1,"SCHILLING, Bobby",S001182,1964,,0.364,0.009,-293.24931,0.812,1411,138,
112,House,29346,21,1,IL,100,0,1,"RUSH, Bobby L.",R000515,1946,,-0.479,-0.212,-201.9744,0.85569,1296,88,1.0
112,House,29348,21,4,IL,100,0,1,"GUTIÉRREZ, Luis V.",G000535,1953,,-0.483,-0.266,-205.15733,0.85504,1310,71,1.0
112,House,29349,21,16,IL,200,0,1,"MANZULLO, Donald A.",M001138,1944,,0.51,0.0,-242.3032,0.837,1362,95,
112,House,29585,21,2,IL,100,0,1,"JACKSON, Jesse L., Jr.",J000283,1965,,-0.538,-0.513,-118.4706,0.898,1096,54,
112,House,29717,21,7,IL,100,0,1,"DAVIS, Danny K.",D000096,1941,,-0.488,-0.249,-208.31539,0.85622,1342,82,1.0
112,House,29718,21,19,IL,200,0,1,"SHIMKUS, John M.",S000364,1958,,0.374,0.132,-237.74908,0.84351,1397,108,1.0
112,House,29911,21,9,IL,100,0,1,"SCHAKOWSKY, Janice D.",S001145,1944,,-0.603,-0.273,-162.57408,0.89117,1411,74,1.0
112,House,29912,21,13,IL,200,0,1,"BIGGERT, Judy Borg",B001232,1937,,0.323,-0.372,-345.20194,0.784,1422,139,
112,House,15014,22,5,IN,200,0,1,"BURTON, Danny Lee",B001149,1938,,0.585,-0.026,-190.79715,0.864,1309,65,
112,House,15124,22,1,IN,100,0,1,"VISCLOSKY, Peter",V000108,1949,,-0.402,0.252,-372.69115,0.76452,1388,179,1.0
112,House,20117,22,6,IN,200,0,1,"PENCE, Mike",P000587,1959,,0.655,0.088,-125.08277,0.911,1341,50,
112,House,20717,22,2,IN,100,0,1,"DONNELLY, Joe",D000607,1955,,-0.12,0.429,-510.22536,0.68943,1372,244,1.0
112,House,20757,22,7,IN,100,0,1,"CARSON, André",C001072,1974,,-0.431,0.07,-261.60064,0.82583,1367,106,1.0
112,House,21100,22,3,IN,200,0,1,"STUTZMAN, Marlin",S001188,1976,,0.742,-0.119,-160.42843,0.892,1400,67,
112,House,21131,22,4,IN,200,0,1,"ROKITA, Todd",R000592,1970,,0.591,-0.164,-158.73059,0.8909,1374,67,1.0
112,House,21132,22,8,IN,200,0,1,"BUCSHON, Larry",B001275,1962,,0.397,0.249,-141.95371,0.90531,1427,57,1.0
112,House,21133,22,9,IN,200,0,1,"YOUNG, Todd",Y000064,1972,,0.489,0.058,-179.12306,0.8818,1424,75,1.0
112,House,20325,31,5,IA,200,0,1,"KING, Steve",K000362,1949,,0.619,0.296,-302.83185,0.80436,1391,103,1.0
112,House,20719,31,1,IA,100,0,1,"BRALEY, Bruce",B001259,1957,,-0.31,-0.205,-232.61418,0.842,1357,90,
112,House,20720,31,2,IA,100,0,1,"LOEBSACK, Dave",L000565,1952,,-0.279,-0.056,-316.07439,0.7988,1407,134,1.0
112,House,29522,31,4,IA,200,0,1,"LATHAM, Thomas",L000111,1948,,0.302,0.308,-252.0941,0.838,1425,102,
112,House,29721,31,3,IA,100,0,1,"BOSWELL, Leonard L.",B000652,1934,,-0.238,0.289,-478.95433,0.714,1424,219,
112,House,20915,32,2,KS,200,0,1,"JENKINS, Lynn",J000290,1963,,0.526,-0.025,-157.71608,0.89353,1401,70,1.0
112,House,21134,32,1,KS,200,0,1,"HUELSKAMP, Tim",H001057,1968,,0.744,-0.466,-244.9664,0.843,1431,104,
112,House,21135,32,3,KS,200,0,1,"YODER, Kevin",Y000063,1976,,0.568,0.002,-197.89187,0.87068,1429,95,1.0
112,House,21136,32,4,KS,200,0,1,"POMPEO, Mike",P000602,1963,,0.66,0.164,-120.11222,0.91938,1429,44,1.0
112,House,14854,51,5,KY,200,0,1,"ROGERS, Harold Dallas (Hal)",R000395,1937,,0.331,0.084,-174.27832,0.8845,1420,66,1.0
112,House,20326,51,6,KY,100,0,1,"CHANDLER, A. B. (Ben)",C001058,1959,,-0.232,0.516,-470.2733,0.716,1407,236,
112,House,20511,51,4,KY,200,1,1,"DAVIS, Geoffrey C. (Geoff)",D000603,1958,,0.398,0.412,-200.34493,0.86,1324,85,
112,House,20723,51,3,KY,100,0,1,"YARMUTH, John",Y000062,1947,,-0.379,-0.246,-159.11498,0.89169,1388,59,1.0
112,House,20916,51,2,KY,200,0,1,"GUTHRIE, Brett",G000558,1964,,0.399,0.26,-151.54023,0.89905,1424,56,1.0
112,House,29525,51,1,KY,200,0,1,"WHITFIELD, Wayne Edward (Ed)",W000413,1943,,0.303,0.182,-213.52618,0.858,1398,84,
112,House,31102,51,4,KY,200,2,2,"MASSIE, Thomas",M001184,1971,,0.669,-0.743,-13.67692,0.62399,29,8,1.0
112,House,20514,45,7,LA,200,0,1,"BOUSTANY, Charles W.",B001255,1956,,0.392,0.308,-194.27829,0.871,1407,81,
112,House,20759,45,1,LA,200,0,1,"SCALISE, Steve",S001176,1965,,0.56,0.127,-158.90489,0.89399,1418,53,1.0
112,House,20918,45,4,LA,200,0,1,"FLEMING, John",F000456,1951,,0.59,0.022,-153.34173,0.898,1426,57,
112,House,20919,45,6,LA,200,0,1,"CASSIDY, Bill",C001075,1957,,0.453,-0.105,-227.0246,0.8506,1403,88,1.0
112,House,21137,45,2,LA,100,0,1,"RICHMOND, Cedric",R000588,1973,,-0.465,0.31,-284.23614,0.81446,1385,119,1.0
112,House,21138,45,3,LA,200,0,1,"LANDRY, Jeff",L000574,1970,,0.614,-0.112,-201.59879,0.861,1348,88,
112,House,90327,45,5,LA,200,0,1,"ALEXANDER, Rodney",A000361,1946,,0.331,0.408,-156.77595,0.894,1400,69,
112,House,20328,2,2,ME,100,0,1,"MICHAUD, Michael H.",M001149,1955,,-0.283,-0.071,-403.33004,0.754,1426,173,
112,House,20920,2,1,ME,100,0,1,"PINGREE, Chellie",P000597,1955,,-0.427,-0.394,-177.3216,0.88055,1394,69,1.0
112,House,14873,52,5,MD,100,0,1,"HOYER, Steny Hamilton",H000874,1939,,-0.379,0.116,-219.56931,0.85251,1376,86,1.0
112,House,20329,52,2,MD,100,0,1,"RUPPERSBERGER, C. A. (Dutch)",R000576,1946,,-0.3,0.156,-291.06745,0.80959,1378,106,1.0
112,House,20330,52,8,MD,100,0,1,"VAN HOLLEN, Christopher",V000128,1959,,-0.4,-0.174,-174.38636,0.88343,1407,74,1.0
112,House,20724,52,3,MD,100,0,1,"SARBANES, John",S001168,1962,,-0.459,-0.106,-168.54325,0.8886,1427,90,1.0
112,House,20763,52,4,MD,100,0,1,"EDWARDS, Donna F.",E000290,1958,,-0.562,-0.294,-172.40265,0.886,1418,74,
112,House,21139,52,1,MD,200,0,1,"HARRIS, Andy",H001052,1957,,0.597,-0.289,-411.54968,0.74901,1424,160,1.0
112,House,29356,52,6,MD,200,0,1,"BARTLETT, Roscoe Gardner",B000208,1926,,0.493,-0.091,-390.64968,0.757,1404,149,
112,House,29587,52,7,MD,100,0,1,"CUMMINGS, Elijah Eugene",C000984,1951,,-0.438,-0.148,-186.50491,0.87594,1408,84,1.0
112,House,14435,3,7,MA,100,0,1,"MARKEY, Edward John",M000133,1946,,-0.5,-0.43,-139.71522,0.90476,1396,65,1.0
112,House,14824,3,4,MA,100,0,1,"FRANK, Barney",F000339,1940,,-0.499,-0.534,-224.92067,0.85,1382,73,
112,House,15616,3,2,MA,100,0,1,"NEAL, Richard Edmund",N000015,1949,,-0.416,-0.122,-144.19726,0.89711,1328,53,1.0
112,House,20119,3,9,MA,100,0,1,"LYNCH, Stephen F.",L000562,1955,,-0.351,0.023,-329.77102,0.79106,1407,144,1.0
112,House,20754,3,5,MA,100,0,1,"TSONGAS, Nicola S. (Niki)",T000465,1946,,-0.4,-0.179,-183.61068,0.875,1375,78,1.0
112,House,21140,3,10,MA,100,0,1,"KEATING, William R.",K000375,1952,,-0.329,-0.165,-233.6176,0.84641,1401,110,1.0
112,House,29123,3,1,MA,100,0,1,"OLVER, John Walter",O000085,1936,,-0.577,-0.207,-147.69865,0.892,1295,63,
112,House,29729,3,3,MA,100,0,1,"McGOVERN, James P.",M000312,1959,,-0.536,-0.304,-144.40946,0.90369,1426,70,1.0
112,House,29730,3,6,MA,100,0,1,"TIERNEY, John F.",T000266,1951,,-0.488,-0.433,-165.07451,0.889,1402,71,
112,House,29919,3,8,MA,100,0,1,"CAPUANO, Michael Everett",C001037,1952,,-0.579,-0.086,-177.98747,0.88078,1402,86,1.0
112,House,2605,23,15,MI,100,0,1,"DINGELL, John David, Jr.",D000355,1926,,-0.448,0.313,-249.71431,0.835,1384,113,
112,House,10713,23,14,MI,100,0,1,"CONYERS, John, Jr.",C000714,1929,,-0.658,-0.517,-202.03817,0.86223,1363,81,1.0
112,House,14430,23,5,MI,100,0,1,"KILDEE, Dale Edward",K000172,1929,,-0.385,0.011,-202.06503,0.868,1423,64,
112,House,15033,23,12,MI,100,0,1,"LEVIN, Sander Martin",L000263,1931,,-0.377,-0.093,-176.46117,0.88399,1431,67,1.0
112,House,15446,23,6,MI,200,0,1,"UPTON, Frederick Stephen",U000031,1953,,0.339,-0.416,-295.36042,0.81386,1434,104,1.0
112,House,20120,23,8,MI,200,0,1,"ROGERS, Mike",R000572,1963,,0.4,0.098,-170.54424,0.887,1418,64,
112,House,20331,23,10,MI,200,0,1,"MILLER, Candice S.",M001150,1954,,0.343,-0.001,-282.56851,0.821,1432,121,
112,House,20332,23,11,MI,200,1,1,"McCOTTER, Thaddeus George",M001147,1965,,0.335,0.012,-255.47863,0.809,1206,113,
112,House,20725,23,7,MI,200,0,1,"WALBERG, Tim",W000798,1951,,0.529,0.021,-194.30463,0.87228,1422,77,1.0
112,House,20923,23,9,MI,100,0,1,"PETERS, Gary C.",P000595,1958,,-0.232,-0.216,-381.00867,0.7595,1385,169,1.0
112,House,21141,23,1,MI,200,0,1,"BENISHEK, Dan",B001271,1952,,0.491,-0.15,-274.7757,0.825,1426,131,
112,House,21142,23,2,MI,200,0,1,"HUIZENGA, Bill",H001058,1969,,0.636,-0.097,-183.1326,0.87812,1409,81,1.0
112,House,21143,23,3,MI,200,0,1,"AMASH, Justin",A000367,1980,,0.681,-0.733,-434.74219,0.73208,1394,215,1.0
112,House,21145,23,13,MI,100,0,1,"CLARKE, Hansen",C001085,1957,,-0.478,-0.192,-153.9563,0.898,1424,66,
112,House,29124,23,4,MI,200,0,1,"CAMP, David Lee",C000071,1953,,0.385,-0.048,-202.67203,0.867,1421,77,
112,House,31100,23,11,MI,100,2,2,"CURSON, David Alan",C001089,1948,,-0.409,0.81,-3.95402,0.873,29,2,
112,House,20122,33,4,MN,100,0,1,"McCOLLUM, Betty",M001143,1954,,-0.422,-0.172,-182.48257,0.87417,1357,73,1.0
112,House,20333,33,2,MN,200,0,1,"KLINE, John",K000363,1947,,0.49,0.154,-146.37568,0.903,1433,43,
112,House,20726,33,1,MN,100,0,1,"WALZ, Tim",W000799,1964,,-0.272,0.144,-334.74013,0.78867,1410,136,1.0
112,House,20727,33,5,MN,100,0,1,"ELLISON, Keith",E000288,1963,,-0.537,-0.565,-140.21999,0.89842,1309,46,1.0
112,House,20728,33,6,MN,200,0,1,"BACHMANN, Michele",B001256,1956,,0.584,-0.03,-205.16136,0.832,1113,76,
112,House,20924,33,3,MN,200,0,1,"PAULSEN, Erik",P000594,1965,,0.413,-0.202,-261.79115,0.8312,1416,98,1.0
112,House,21146,33,8,MN,200,0,1,"CRAVAACK, Chip",C001086,1959,,0.366,0.144,-240.99513,0.844,1425,107,
112,House,29127,33,7,MN,100,0,1,"PETERSON, Collin Clark",P000258,1944,,-0.145,0.716,-605.69507,0.64919,1402,264,1.0
112,House,20925,46,3,MS,200,0,1,"HARPER, Gregg",H001045,1956,,0.382,0.484,-152.93778,0.8983,1426,67,1.0
112,House,21147,46,1,MS,200,0,1,"NUNNELEE, Alan",N000186,1958,2015.0,0.488,0.574,-154.09511,0.895,1395,66,
112,House,21148,46,4,MS,200,0,1,"PALAZZO, Steven",P000601,1970,,0.497,0.525,-146.02433,0.90247,1423,65,1.0
112,House,29368,46,2,MS,100,0,1,"THOMPSON, Bennie",T000193,1948,,-0.514,0.403,-272.20938,0.82087,1379,134,1.0
112,House,20123,34,2,MO,200,0,1,"AKIN, W. Todd",A000358,1947,,0.612,0.235,-128.91502,0.898,1198,51,
112,House,20124,34,6,MO,200,0,1,"GRAVES, Samuel",G000546,1963,,0.432,0.147,-209.33916,0.85925,1380,89,1.0
112,House,20147,34,1,MO,100,0,1,"CLAY, William Lacy, Jr.",C001049,1956,,-0.487,-0.062,-197.49625,0.86584,1371,84,1.0
112,House,20516,34,3,MO,100,0,1,"CARNAHAN, Russ",C001060,1958,,-0.347,-0.005,-188.89602,0.874,1397,66,
112,House,20517,34,5,MO,100,0,1,"CLEAVER, Emanuel, II",C001061,1944,,-0.451,0.009,-227.56633,0.84726,1373,91,1.0
112,House,20926,34,9,MO,200,0,1,"LUETKEMEYER, Blaine",L000569,1952,,0.447,0.234,-152.91269,0.89859,1430,54,1.0
112,House,21149,34,4,MO,200,0,1,"HARTZLER, Vicky",H001053,1960,,0.499,0.377,-195.77052,0.87036,1410,76,1.0
112,House,21150,34,7,MO,200,0,1,"LONG, Billy",L000576,1955,,0.569,0.333,-193.26778,0.87002,1388,76,1.0
112,House,29736,34,8,MO,200,0,1,"EMERSON, Jo Ann",E000172,1950,,0.269,0.274,-253.72397,0.833,1389,113,
112,House,20125,64,1,MT,200,0,1,"REHBERG, Denny",R000571,1955,,0.337,0.244,-243.05497,0.844,1429,101,
112,House,20518,35,1,NE,200,0,1,"FORTENBERRY, Jeff",F000449,1960,,0.301,-0.071,-351.34587,0.77721,1394,140,1.0
112,House,20729,35,3,NE,200,0,1,"SMITH, Adrian",S001172,1970,,0.509,0.19,-166.04383,0.88994,1424,71,1.0
112,House,29921,35,2,NE,200,0,1,"TERRY, Lee Raymond",T000459,1962,,0.426,-0.067,-320.70919,0.798,1419,145,
112,House,20730,65,2,NV,200,1,1,"HELLER, Dean",H001041,1960,,0.463,-0.469,-65.7077,0.78882,277,27,1.0
112,House,21151,65,3,NV,200,0,1,"HECK, Joe",H001055,1961,,0.324,0.014,-321.85278,0.799,1433,139,
112,House,21196,65,2,NV,200,2,2,"AMODEI, Mark E.",A000369,1958,,0.388,0.16,-104.13518,0.8679,735,42,1.0
112,House,29922,65,1,NV,100,0,1,"BERKLEY, Shelley",B001231,1951,,-0.302,0.024,-306.58093,0.805,1410,116,
112,House,21152,4,1,NH,200,0,1,"GUINTA, Frank",G000570,1970,,0.433,0.164,-175.63493,0.882,1396,75,
112,House,29538,4,2,NH,200,0,1,"BASS, Charles Foster",B000220,1952,,0.331,-0.556,-428.01426,0.738,1408,207,
112,House,14863,12,4,NJ,200,0,1,"SMITH, Christopher Henry",S000522,1953,,0.158,-0.178,-387.89924,0.75994,1413,169,1.0
112,House,15454,12,6,NJ,100,0,1,"PALLONE, Frank, Jr.",P000034,1951,,-0.398,-0.167,-167.38154,0.88954,1430,71,1.0
112,House,15619,12,10,NJ,100,1,1,"PAYNE, Donald Milford",P000149,1934,2012.0,-0.592,-0.547,-80.02229,0.906,815,38,
112,House,20336,12,5,NJ,200,0,1,"GARRETT, Scott",G000548,1959,,0.688,-0.243,-196.80116,0.87,1409,91,
112,House,20542,12,13,NJ,100,0,1,"SIRES, Albio",S001165,1951,,-0.4,0.084,-210.44026,0.85885,1383,96,1.0
112,House,20929,12,7,NJ,200,0,1,"LANCE, Leonard",L000567,1952,,0.342,-0.222,-336.76607,0.79056,1433,143,1.0
112,House,21153,12,3,NJ,200,0,1,"RUNYAN, Jon",R000594,1973,,0.222,0.089,-237.40857,0.846,1418,82,
112,House,29132,12,1,NJ,100,0,1,"ANDREWS, Robert Ernest",A000210,1957,,-0.297,-0.119,-269.69375,0.823,1384,116,
112,House,29539,12,2,NJ,200,0,1,"LoBIONDO, Frank A.",L000554,1946,,0.212,-0.237,-434.40357,0.73865,1434,206,1.0
112,House,29541,12,11,NJ,200,0,1,"FRELINGHUYSEN, Rodney P.",F000372,1946,,0.288,-0.285,-278.01699,0.81073,1325,109,1.0
112,House,29741,12,8,NJ,100,0,1,"PASCRELL, William J., Jr.",P000096,1937,,-0.364,0.008,-186.76782,0.86917,1332,81,1.0
112,House,29742,12,9,NJ,100,0,1,"ROTHMAN, Steven",R000462,1952,,-0.352,-0.092,-188.17851,0.87,1355,77,
112,House,29923,12,12,NJ,100,0,1,"HOLT, Rush",H001032,1948,,-0.463,-0.33,-172.99068,0.886,1425,61,
112,House,31103,12,10,NJ,100,2,2,"PAYNE, Donald, Jr.",P000604,1958,,-0.506,-0.158,-2.56082,0.90951,27,0,1.0
112,House,20337,66,2,NM,200,0,1,"PEARCE, Stevan",P000588,1947,,0.472,0.066,-269.27875,0.8248,1398,121,1.0
112,House,20930,66,1,NM,100,0,1,"HEINRICH, Martin",H001046,1971,,-0.283,-0.043,-302.56414,0.80067,1361,112,1.0
112,House,20932,66,3,NM,100,0,1,"LUJÁN, Ben Ray",L000570,1972,,-0.373,0.044,-240.09469,0.84271,1403,99,1.0
112,House,13035,13,15,NY,100,0,1,"RANGEL, Charles B.",R000053,1930,,-0.514,-0.341,-165.79793,0.869,1182,75,
112,House,15000,13,5,NY,100,0,1,"ACKERMAN, Gary Leonard",A000022,1942,,-0.429,-0.165,-218.71898,0.848,1323,97,
112,House,15072,13,10,NY,100,0,1,"TOWNS, Edolphus",T000326,1934,,-0.519,-0.132,-185.75804,0.868,1307,75,
112,House,15444,13,28,NY,100,0,1,"SLAUGHTER, Louise McIntosh",S000480,1929,,-0.464,-0.109,-128.66675,0.89336,1141,60,1.0
112,House,15603,13,17,NY,100,0,1,"ENGEL, Eliot Lance",E000179,1947,,-0.407,-0.084,-235.69292,0.83904,1343,96,1.0
112,House,15612,13,18,NY,100,0,1,"LOWEY, Nita M.",L000480,1937,,-0.389,-0.16,-180.5282,0.87878,1397,90,1.0
112,House,20129,13,2,NY,100,0,1,"ISRAEL, Steve",I000057,1958,,-0.334,-0.051,-212.79055,0.86,1413,86,
112,House,20338,13,1,NY,100,0,1,"BISHOP, Timothy H.",B001242,1950,,-0.338,-0.05,-235.4931,0.843,1383,96,
112,House,20519,13,27,NY,100,0,1,"HIGGINS, Brian",H001038,1959,,-0.343,-0.031,-230.29389,0.84911,1408,88,1.0
112,House,20733,13,11,NY,100,0,1,"CLARKE, Yvette Diane",C001067,1964,,-0.605,-0.223,-159.11981,0.89095,1378,74,1.0
112,House,20934,13,21,NY,100,0,1,"TONKO, Paul",T000469,1949,,-0.421,-0.265,-165.13071,0.89058,1425,61,1.0
112,House,20936,13,26,NY,200,1,1,"LEE, Christopher John",L000568,1964,,0.313,0.16,,,,,
112,House,20957,13,23,NY,100,0,1,"OWENS, William",O000169,1949,,-0.182,0.409,-582.44831,0.659,1398,274,
112,House,21101,13,29,NY,200,0,1,"REED, Thomas W. II",R000585,1971,,0.305,0.084,-306.29473,0.80598,1420,131,1.0
112,House,21154,13,13,NY,200,0,1,"GRIMM, Michael G.",G000569,1970,,0.219,0.136,-278.69979,0.821,1411,115,
112,House,21155,13,19,NY,200,0,1,"HAYWORTH, Nan",H001054,1959,,0.282,-0.182,-360.58358,0.776,1424,151,
112,House,21156,13,20,NY,200,0,1,"GIBSON, Christopher",G000564,1964,,0.203,-0.455,-615.20738,0.65,1427,305,
112,House,21157,13,24,NY,200,0,1,"HANNA, Richard",H001051,1951,,0.215,-0.145,-417.08572,0.741,1390,181,
112,House,21158,13,25,NY,200,0,1,"BUERKLE, Ann Marie",B001276,1951,,0.579,0.253,-157.14503,0.894,1407,68,
112,House,21194,13,26,NY,100,2,2,"HOCHUL, Kathleen C.",H001062,1958,,-0.239,0.317,-382.73427,0.701,1077,158,
112,House,21197,13,9,NY,200,2,2,"TURNER, Robert L.",T000471,1941,,0.281,0.302,-100.34413,0.875,753,32,
112,House,29134,13,16,NY,100,0,1,"SERRANO, José E.",S000248,1943,,-0.488,-0.397,-156.11695,0.89498,1407,62,1.0
112,House,29375,13,3,NY,200,0,1,"KING, Peter T.",K000210,1944,,0.261,-0.035,-268.19068,0.82645,1407,99,1.0
112,House,29377,13,8,NY,100,0,1,"NADLER, Jerrold Lewis",N000002,1947,,-0.509,-0.503,-144.942,0.8987,1357,63,1.0
112,House,29378,13,12,NY,100,0,1,"VELÁZQUEZ, Nydia M.",V000081,1953,,-0.545,-0.353,-147.99709,0.89682,1359,69,1.0
112,House,29379,13,14,NY,100,0,1,"MALONEY, Carolyn Bosher",M000087,1946,,-0.385,-0.287,-178.91851,0.87898,1387,77,1.0
112,House,29380,13,22,NY,100,0,1,"HINCHEY, Maurice Dunlea",H000627,1938,,-0.575,-0.007,-160.82802,0.872,1178,69,
112,House,29744,13,4,NY,100,0,1,"McCARTHY, Carolyn",M000309,1944,,-0.294,-0.04,-246.12083,0.833,1343,86,
112,House,29776,13,6,NY,100,0,1,"MEEKS, Gregory W.",M001137,1953,,-0.418,-0.08,-193.88964,0.85984,1284,81,1.0
112,House,29925,13,7,NY,100,0,1,"CROWLEY, Joseph",C001038,1962,,-0.406,-0.072,-173.35323,0.88187,1379,69,1.0
112,House,29926,13,9,NY,100,1,1,"WEINER, Anthony D.",W000792,1964,,-0.408,-0.371,-64.57824,0.843,379,32,
112,House,15092,47,6,NC,200,0,1,"COBLE, Howard",C000556,1931,2015.0,0.52,-0.081,-274.73379,0.809,1293,111,
112,House,15438,47,4,NC,100,0,1,"PRICE, David Eugene",P000523,1940,,-0.339,-0.028,-193.65792,0.87293,1425,78,1.0
112,House,20340,47,1,NC,100,0,1,"BUTTERFIELD, George Kenneth, Jr. (G.K.)",B001251,1947,,-0.405,0.21,-251.68747,0.82899,1342,82,1.0
112,House,20341,47,13,NC,100,0,1,"MILLER, Brad",M001154,1953,,-0.376,0.063,-224.07065,0.854,1423,91,
112,House,20521,47,5,NC,200,0,1,"FOXX, Virginia Ann",F000450,1943,,0.649,0.142,-244.00685,0.84323,1431,101,1.0
112,House,20522,47,10,NC,200,0,1,"McHENRY, Patrick T.",M001156,1975,,0.585,0.107,-155.79522,0.8939,1389,56,1.0
112,House,20737,47,11,NC,100,0,1,"SHULER, Heath",S001171,1971,,-0.07,0.224,-624.4027,0.613,1274,324,
112,House,20938,47,8,NC,100,0,1,"KISSELL, Larry",K000369,1951,,-0.182,0.375,-599.6391,0.655,1419,289,
112,House,21159,47,2,NC,200,0,1,"ELLMERS, Renee",E000291,1964,,0.406,0.338,-144.17439,0.903,1406,62,
112,House,29383,47,12,NC,100,0,1,"WATT, Melvin L.",W000207,1945,,-0.526,-0.155,-208.28909,0.861,1390,75,
112,House,29546,47,3,NC,200,0,1,"JONES, Walter Beaman, Jr.",J000255,1943,,0.238,-0.292,-1157.78965,0.43503,1391,494,1.0
112,House,29549,47,9,NC,200,0,1,"MYRICK, Sue",M001134,1941,,0.56,0.027,-170.32693,0.879,1316,72,
112,House,29746,47,7,NC,100,0,1,"McINTYRE, Mike",M000485,1956,,-0.148,0.56,-686.80963,0.606,1370,320,
112,House,21160,36,1,ND,200,0,1,"BERG, Rick",B001272,1959,,0.328,0.427,-175.89691,0.882,1398,77,
112,House,15029,24,9,OH,100,0,1,"KAPTUR, Marcia Carolyn (Marcy)",K000009,1946,,-0.349,0.119,-268.14191,0.82259,1373,115,1.0
112,House,20130,24,12,OH,200,0,1,"TIBERI, Patrick (Pat)",T000462,1962,,0.389,-0.037,-260.59277,0.83202,1417,128,1.0
112,House,20342,24,3,OH,200,0,1,"TURNER, Michael R.",T000463,1960,,0.267,0.167,-235.98757,0.84738,1425,97,1.0
112,House,20343,24,17,OH,100,0,1,"RYAN, Timothy J.",R000577,1973,,-0.401,0.212,-288.35812,0.81517,1411,156,1.0
112,House,20540,24,2,OH,200,0,1,"SCHMIDT, Jean",S001164,1951,,0.467,-0.1,-237.32072,0.843,1385,89,
112,House,20738,24,4,OH,200,0,1,"JORDAN, Jim",J000289,1964,,0.702,-0.187,-141.02221,0.90437,1403,53,1.0
112,House,20740,24,13,OH,100,0,1,"SUTTON, Betty",S001174,1963,,-0.44,0.165,-220.09753,0.853,1387,105,
112,House,20755,24,5,OH,200,0,1,"LATTA, Robert E.",L000566,1956,,0.517,0.252,-137.79513,0.90832,1433,51,1.0
112,House,20940,24,7,OH,200,0,1,"AUSTRIA, Steve",A000365,1958,,0.367,0.305,-146.36115,0.899,1380,60,
112,House,20941,24,11,OH,100,0,1,"FUDGE, Marcia L.",F000455,1952,,-0.582,0.097,-192.91539,0.87238,1413,76,1.0
112,House,21162,24,6,OH,200,0,1,"JOHNSON, Bill",J000292,1954,,0.437,0.243,-234.13729,0.84907,1431,99,1.0
112,House,21163,24,15,OH,200,0,1,"STIVERS, Steve",S001187,1965,,0.304,0.242,-214.32672,0.84369,1261,97,1.0
112,House,21164,24,16,OH,200,0,1,"RENACCI, Jim",R000586,1958,,0.38,0.123,-293.7503,0.81372,1425,130,1.0
112,House,21165,24,18,OH,200,0,1,"GIBBS, Bob",G000563,1954,,0.45,0.279,-160.56908,0.89386,1431,70,1.0
112,House,29137,24,8,OH,200,0,1,"BOEHNER, John Andrew",B000589,1949,,0.513,0.04,,,,,
112,House,29550,24,1,OH,200,0,1,"CHABOT, Steve",C000266,1953,,0.583,-0.263,-180.29684,0.8817,1432,64,1.0
112,House,29553,24,14,OH,200,0,1,"LaTOURETTE, Steven C.",L000553,1954,2016.0,0.211,-0.063,-316.31448,0.795,1382,116,
112,House,29748,24,10,OH,100,0,1,"KUCINICH, Dennis",K000336,1946,,-0.582,0.024,-333.82678,0.782,1357,130,
112,House,20131,53,1,OK,200,0,1,"SULLIVAN, John",S001155,1965,,0.513,0.173,-170.21479,0.879,1320,79,
112,House,20344,53,4,OK,200,0,1,"COLE, Tom",C001053,1949,,0.338,0.368,-186.81148,0.87673,1420,79,1.0
112,House,20523,53,2,OK,100,0,1,"BOREN, Daniel David",B001254,1973,,-0.112,0.994,-367.20212,0.764,1363,161,
112,House,21166,53,5,OK,200,0,1,"LANKFORD, James",L000575,1968,,0.562,0.168,-159.5256,0.89423,1427,66,1.0
112,House,29393,53,3,OK,200,0,1,"LUCAS, Frank D.",L000491,1960,,0.362,0.409,-151.30085,0.89859,1415,55,1.0
112,House,15410,72,4,OR,100,0,1,"DeFAZIO, Peter Anthony",D000191,1947,,-0.428,0.011,-509.55942,0.69545,1403,207,1.0
112,House,20944,72,5,OR,100,0,1,"SCHRADER, Kurt",S001180,1951,,-0.189,0.035,-599.61617,0.6482,1383,269,1.0
112,House,21198,72,1,OR,100,2,2,"BONAMICI, Suzanne",B001278,1954,,-0.391,-0.371,-52.18441,0.90756,538,21,1.0
112,House,29588,72,3,OR,100,0,1,"BLUMENAUER, Earl",B000574,1948,,-0.429,-0.657,-231.00335,0.84347,1357,89,1.0
112,House,29931,72,1,OR,100,1,1,"WU, David",W000793,1955,,-0.37,0.031,-151.21454,0.791,644,66,
112,House,29932,72,2,OR,200,0,1,"WALDEN, Greg",W000791,1957,,0.341,-0.046,-255.6178,0.83579,1425,109,1.0
112,House,20134,14,9,PA,200,0,1,"SHUSTER, William (Bill)",S001154,1961,,0.378,0.328,-172.8052,0.88442,1407,78,1.0
112,House,20135,14,19,PA,200,0,1,"PLATTS, Todd",P000585,1962,,0.252,-0.15,-334.14125,0.787,1394,144,
112,House,20345,14,6,PA,200,0,1,"GERLACH, Jim",G000549,1955,,0.221,-0.107,-355.083,0.779,1421,157,
112,House,20346,14,18,PA,200,0,1,"MURPHY, Timothy",M001151,1952,,0.258,0.194,-274.83884,0.82481,1427,117,1.0
112,House,20524,14,8,PA,200,0,1,"FITZPATRICK, Michael G.",F000451,1963,,0.202,-0.186,-502.77446,0.702,1423,241,
112,House,20525,14,13,PA,100,0,1,"SCHWARTZ, Allyson Y.",S001162,1948,,-0.343,-0.008,-194.17973,0.869,1381,74,
112,House,20526,14,15,PA,200,0,1,"DENT, Charles W.",D000604,1960,,0.242,-0.095,-363.06515,0.77605,1432,159,1.0
112,House,20743,14,4,PA,100,0,1,"ALTMIRE, Jason",A000362,1968,,-0.133,0.59,-590.23517,0.661,1424,283,
112,House,20946,14,5,PA,200,0,1,"THOMPSON, Glenn",T000467,1959,,0.308,0.36,-247.54712,0.84094,1429,92,1.0
112,House,20960,14,12,PA,100,0,1,"CRITZ, Mark S.",C001081,1962,,-0.326,0.945,-402.73264,0.754,1425,162,
112,House,21167,14,3,PA,200,0,1,"KELLY, Mike",K000376,1948,,0.319,0.518,-157.96377,0.89521,1427,58,1.0
112,House,21168,14,7,PA,200,0,1,"MEEHAN, Patrick",M001181,1955,,0.221,0.069,-314.65688,0.80074,1416,127,1.0
112,House,21170,14,10,PA,200,0,1,"MARINO, Thomas A.",M001179,1952,,0.359,0.495,-144.27473,0.89857,1349,61,1.0
112,House,21171,14,11,PA,200,0,1,"BARLETTA, Lou",B001269,1956,,0.276,0.395,-178.51462,0.88147,1415,64,1.0
112,House,29396,14,17,PA,100,0,1,"HOLDEN, Thomas Timothy (Tim)",H000712,1957,,-0.233,0.608,-440.36568,0.716,1316,202,
112,House,29559,14,2,PA,100,0,1,"FATTAH, Chaka",F000043,1956,,-0.472,-0.054,-237.67324,0.842,1386,86,
112,House,29561,14,14,PA,100,0,1,"DOYLE, Michael F.",D000482,1953,,-0.325,0.124,-280.37456,0.81792,1395,129,1.0
112,House,29752,14,16,PA,200,0,1,"PITTS, Joseph R.",P000373,1939,,0.538,0.012,-194.67808,0.871,1406,83,
112,House,29777,14,1,PA,100,0,1,"BRADY, Robert A.",B001227,1945,,-0.482,0.212,-189.03075,0.87544,1421,91,1.0
112,House,20136,5,2,RI,100,0,1,"LANGEVIN, James",L000559,1964,,-0.376,0.109,-190.64237,0.87387,1414,67,1.0
112,House,21172,5,1,RI,100,0,1,"CICILLINE, David N.",C001084,1961,,-0.398,-0.252,-165.00497,0.88978,1413,62,1.0
112,House,20138,48,2,SC,200,0,1,"WILSON, Addison Graves (Joe)",W000795,1947,,0.548,0.088,-145.57782,0.90197,1411,53,1.0
112,House,21173,48,1,SC,200,0,1,"SCOTT, Tim",S001184,1965,,0.669,-0.012,-141.93036,0.90539,1428,57,1.0
112,House,21174,48,3,SC,200,0,1,"DUNCAN, Jeff",D000615,1966,,0.74,-0.213,-146.9078,0.90211,1426,57,1.0
112,House,21175,48,4,SC,200,0,1,"GOWDY, Trey",G000566,1964,,0.667,-0.037,-137.79307,0.90789,1426,44,1.0
112,House,21176,48,5,SC,200,0,1,"MULVANEY, Mick",M001182,1967,,0.75,-0.592,-223.71615,0.8548,1426,109,1.0
112,House,39301,48,6,SC,100,0,1,"CLYBURN, James Enos",C000537,1940,,-0.464,0.265,-242.04128,0.8405,1393,110,1.0
112,House,21177,37,1,SD,200,0,1,"NOEM, Kristi",N000184,1971,,0.387,0.346,-177.14267,0.88202,1411,70,1.0
112,House,15019,54,5,TN,100,0,1,"COOPER, James Hayes Shofner",C000754,1954,,-0.162,-0.032,-654.69093,0.63123,1423,276,1.0
112,House,15455,54,2,TN,200,0,1,"DUNCAN, John J., Jr.",D000533,1947,,0.598,-0.438,-486.09772,0.71097,1425,186,1.0
112,House,20351,54,7,TN,200,0,1,"BLACKBURN, Marsha",B001243,1952,,0.614,0.126,-162.55882,0.89198,1422,66,1.0
112,House,20748,54,9,TN,100,0,1,"COHEN, Stephen",C001068,1949,,-0.401,-0.386,-218.27385,0.85458,1389,81,1.0
112,House,20947,54,1,TN,200,0,1,"ROE, David P. (Phil)",R000582,1945,,0.494,-0.006,-182.23459,0.88035,1430,76,1.0
112,House,21178,54,3,TN,200,0,1,"FLEISCHMANN, Chuck",F000459,1962,,0.487,0.304,-144.58294,0.90267,1412,64,1.0
112,House,21179,54,4,TN,200,0,1,"DESJARLAIS, Scott",D000616,1964,,0.589,-0.123,-226.74555,0.85327,1429,103,1.0
112,House,21180,54,6,TN,200,0,1,"BLACK, Diane",B001273,1951,,0.579,0.234,-145.12752,0.9016,1401,61,1.0
112,House,21181,54,8,TN,200,0,1,"FINCHER, Stephen Lee",F000458,1973,,0.526,0.181,-184.60118,0.878,1419,86,
112,House,14290,49,14,TX,200,0,1,"PAUL, Ronald Ernest",P000583,1935,,0.863,-0.505,-441.01564,0.628,949,192,
112,House,15085,49,6,TX,200,0,1,"BARTON, Joe Linus",B000213,1949,,0.528,0.054,-308.76471,0.79952,1380,112,1.0
112,House,15445,49,21,TX,200,0,1,"SMITH, Lamar Seeligson",S000583,1947,,0.423,0.058,-158.54925,0.89428,1419,51,1.0
112,House,20139,49,7,TX,200,0,1,"CULBERSON, John",C001048,1956,,0.504,0.381,-154.14362,0.88907,1311,62,1.0
112,House,20352,49,5,TX,200,0,1,"HENSARLING, Jeb",H001036,1957,,0.704,0.039,-136.50397,0.90908,1432,56,1.0
112,House,20353,49,19,TX,200,0,1,"NEUGEBAUER, Randy",N000182,1949,,0.628,0.322,-136.75572,0.908,1420,59,
112,House,20355,49,26,TX,200,0,1,"BURGESS, Michael C.",B001248,1950,,0.57,-0.235,-306.5675,0.80484,1412,132,1.0
112,House,20356,49,31,TX,200,0,1,"CARTER, John R.",C001051,1941,,0.468,0.605,-168.26211,0.88766,1412,74,1.0
112,House,20527,49,1,TX,200,0,1,"GOHMERT, Louie",G000552,1953,,0.595,-0.235,-279.41487,0.80805,1311,107,1.0
112,House,20528,49,2,TX,200,0,1,"POE, Ted",P000592,1948,,0.595,-0.034,-267.4429,0.82712,1409,121,1.0
112,House,20529,49,9,TX,100,0,1,"GREEN, Al",G000553,1947,,-0.43,0.321,-315.15507,0.80071,1418,135,1.0
112,House,20530,49,10,TX,200,0,1,"McCAUL, Michael T.",M001157,1962,,0.448,0.079,-176.81798,0.88269,1417,55,1.0
112,House,20531,49,11,TX,200,0,1,"CONAWAY, K. Michael",C001062,1948,,0.592,0.353,-141.07298,0.90631,1434,59,1.0
112,House,20532,49,24,TX,200,0,1,"MARCHANT, Kenny",M001158,1951,,0.601,0.166,-209.10452,0.85816,1367,83,1.0
112,House,20533,49,28,TX,100,0,1,"CUELLAR, Henry",C001063,1955,,-0.225,0.626,-507.45077,0.70075,1427,231,1.0
112,House,20948,49,22,TX,200,0,1,"OLSON, Pete",O000168,1962,,0.538,0.314,-135.42323,0.90904,1420,53,1.0
112,House,21182,49,17,TX,200,0,1,"FLORES, Bill",F000461,1954,,0.607,0.32,-146.25689,0.90053,1396,61,1.0
112,House,21183,49,23,TX,200,0,1,"CANSECO, Francisco (Quico)",C001082,1949,,0.571,0.522,-144.84,0.903,1418,52,
112,House,21184,49,27,TX,200,0,1,"FARENTHOLD, Blake",F000460,1961,,0.542,0.021,-205.51917,0.86569,1425,82,1.0
112,House,29143,49,3,TX,200,0,1,"JOHNSON, Sam",J000174,1930,,0.608,0.283,-147.84934,0.89699,1360,54,1.0
112,House,29571,49,25,TX,100,0,1,"DOGGETT, Lloyd Alton, II",D000399,1946,,-0.402,-0.297,-248.57573,0.8371,1398,103,1.0
112,House,29572,49,13,TX,200,0,1,"THORNBERRY, William McClellan (Mac)",T000238,1958,,0.531,0.305,-149.62985,0.90085,1433,51,1.0
112,House,29573,49,18,TX,100,0,1,"JACKSON LEE, Sheila",J000032,1950,,-0.456,0.124,-287.81686,0.80085,1296,116,1.0
112,House,29759,49,32,TX,200,0,1,"SESSIONS, Pete",S000250,1955,,0.587,0.172,-135.48127,0.90826,1408,52,1.0
112,House,29760,49,8,TX,200,0,1,"BRADY, Kevin Patrick",B000755,1955,,0.52,0.213,-175.03458,0.88208,1395,74,1.0
112,House,29762,49,12,TX,200,0,1,"GRANGER, Kay",G000377,1943,,0.39,0.226,-193.44296,0.86921,1380,80,1.0
112,House,29763,49,15,TX,100,0,1,"HINOJOSA, Rubén",H000636,1940,,-0.34,0.235,-342.7228,0.769,1304,145,
112,House,29764,49,16,TX,100,0,1,"REYES, Silvestre",R000170,1944,,-0.321,0.304,-294.79203,0.802,1339,120,
112,House,29943,49,20,TX,100,0,1,"GONZALEZ, Charles A.",G000544,1945,,-0.347,0.262,-351.86954,0.774,1376,158,
112,House,39304,49,29,TX,100,0,1,"GREEN, Raymond Eugene (Gene)",G000410,1947,,-0.321,0.445,-628.81982,0.63755,1397,281,1.0
112,House,39305,49,30,TX,100,0,1,"JOHNSON, Eddie Bernice",J000126,1935,,-0.486,0.204,-256.74235,0.82934,1372,114,1.0
112,House,94828,49,4,TX,200,0,1,"HALL, Ralph Moody",H000067,1923,,0.424,0.308,-198.7291,0.869,1410,89,
112,House,20140,67,2,UT,100,0,1,"MATHESON, James David (Jim)",M001142,1960,,-0.115,0.546,-764.12574,0.586,1428,319,
112,House,20357,67,1,UT,200,0,1,"BISHOP, Robert (Rob)",B001250,1951,,0.532,0.119,-244.18865,0.83652,1368,93,1.0
112,House,20949,67,3,UT,200,0,1,"CHAFFETZ, Jason",C001076,1967,,0.647,-0.278,-209.6872,0.8595,1385,90,1.0
112,House,20750,6,1,VT,100,0,1,"WELCH, Peter",W000800,1947,,-0.41,-0.317,-247.04249,0.83886,1406,83,1.0
112,House,14869,40,10,VA,200,0,1,"WOLF, Frank Rudolph",W000672,1939,,0.284,-0.213,-354.54694,0.78,1425,147,
112,House,20143,40,4,VA,200,0,1,"FORBES, J. Randy",F000445,1952,,0.407,0.218,-212.22197,0.861,1421,75,
112,House,20144,40,7,VA,200,0,1,"CANTOR, Eric",C001046,1963,,0.518,0.191,-148.34606,0.893,1315,56,
112,House,20756,40,1,VA,200,0,1,"WITTMAN, Robert J.",W000804,1959,,0.411,-0.024,-259.09192,0.83225,1411,90,1.0
112,House,20952,40,11,VA,100,0,1,"CONNOLLY, Gerald E. (Gerry)",C001078,1950,,-0.303,-0.03,-291.56228,0.8152,1427,104,1.0
112,House,21185,40,2,VA,200,0,1,"RIGELL, E. Scott",R000589,1960,,0.405,-0.084,-295.20361,0.813,1429,112,
112,House,21186,40,5,VA,200,0,1,"HURT, Robert",H001060,1969,,0.568,0.0,-184.11733,0.878,1413,75,
112,House,21191,40,9,VA,200,0,1,"GRIFFITH, H. Morgan",G000568,1958,,0.534,-0.458,-326.92737,0.79318,1411,141,1.0
112,House,29149,40,8,VA,100,0,1,"MORAN, James P.",M000933,1945,,-0.302,-0.203,-260.57577,0.831,1409,103,
112,House,39307,40,3,VA,100,0,1,"SCOTT, Robert C.",S000185,1947,,-0.454,0.02,-242.98854,0.84292,1422,98,1.0
112,House,39308,40,6,VA,200,0,1,"GOODLATTE, Robert William",G000289,1952,,0.492,0.002,-246.2148,0.84101,1422,100,1.0
112,House,14413,73,6,WA,100,0,1,"DICKS, Norman DeValois",D000327,1940,,-0.312,0.11,-238.41441,0.841,1377,85,
112,House,15613,73,7,WA,100,0,1,"McDERMOTT, James A.",M000404,1936,,-0.666,-0.197,-182.0588,0.878,1404,79,
112,House,20145,73,2,WA,100,0,1,"LARSEN, Richard Ray (Rick)",L000560,1965,,-0.365,0.203,-319.55459,0.79849,1420,150,1.0
112,House,20535,73,5,WA,200,0,1,"McMORRIS RODGERS, Cathy",M001159,1969,,0.427,0.153,-164.95202,0.88982,1413,63,1.0
112,House,20536,73,8,WA,200,0,1,"REICHERT, David G.",R000578,1950,,0.222,-0.17,-405.96025,0.73996,1348,180,1.0
112,House,21187,73,3,WA,200,0,1,"HERRERA BEUTLER, Jaime",H001056,1978,,0.383,-0.259,-318.30616,0.79957,1423,138,1.0
112,House,29580,73,4,WA,200,0,1,"HASTINGS, Richard Norman (Doc)",H000329,1941,,0.416,0.411,-158.72363,0.889,1350,72,
112,House,29768,73,9,WA,100,0,1,"SMITH, Adam",S000510,1965,,-0.281,-0.129,-317.03693,0.79501,1382,119,1.0
112,House,29937,73,1,WA,100,1,1,"INSLEE, Jay Robert",I000026,1951,,-0.33,-0.194,-207.12559,0.804,947,82,
112,House,31101,73,1,WA,100,2,2,"DelBENE, Suzan K.",D000617,1962,,-0.277,-0.212,-3.24149,0.89425,29,0,1.0
112,House,14448,56,3,WV,100,0,1,"RAHALL, Nick Joe, II",R000011,1949,,-0.306,0.45,-615.44702,0.648,1421,285,
112,House,20146,56,2,WV,200,0,1,"CAPITO, Shelley Moore",C001047,1953,,0.258,0.052,-178.67562,0.88223,1426,52,1.0
112,House,21188,56,1,WV,200,0,1,"McKINLEY, David",M001180,1947,,0.291,0.115,-272.40521,0.82567,1422,111,1.0
112,House,14657,25,5,WI,200,0,1,"SENSENBRENNER, Frank James, Jr.",S000244,1943,,0.646,-0.625,-251.42563,0.83815,1424,108,1.0
112,House,14675,25,6,WI,200,0,1,"PETRI, Thomas Evert",P000265,1940,,0.379,-0.367,-375.91314,0.769,1429,163,
112,House,20537,25,4,WI,100,0,1,"MOORE, Gwendolynne S. (Gwen)",M001160,1951,,-0.53,-0.256,-179.64576,0.87427,1337,83,1.0
112,House,21189,25,7,WI,200,0,1,"DUFFY, Sean",D000614,1971,,0.514,-0.167,-243.03852,0.84208,1414,125,1.0
112,House,21190,25,8,WI,200,0,1,"RIBBLE, Reid",R000587,1956,,0.603,-0.333,-255.06027,0.835,1412,115,
112,House,29769,25,3,WI,100,0,1,"KIND, Ron",K000188,1963,,-0.264,-0.105,-421.75989,0.74084,1406,183,1.0
112,House,29939,25,1,WI,200,0,1,"RYAN, Paul D.",R000570,1970,,0.556,-0.252,-198.10923,0.86752,1394,75,1.0
112,House,29940,25,2,WI,100,0,1,"BALDWIN, Tammy",B001230,1962,,-0.544,-0.251,-168.41626,0.88589,1390,80,1.0
112,House,20953,68,1,WY,200,0,1,"LUMMIS, Cynthia M.",L000571,1954,,0.675,-0.357,-281.4463,0.817,1395,116,
112,Senate,49700,41,0,AL,200,0,1,"SESSIONS, Jefferson Beauregard III (Jeff)",S001141,1946,,0.549,0.13,-99.08009,0.78298,405,49,1.0
112,Senate,94659,41,0,AL,200,0,1,"SHELBY, Richard C.",S000320,1934,,0.433,0.542,-107.73441,0.76743,407,49,1.0
112,Senate,40300,81,0,AK,200,0,1,"MURKOWSKI, Lisa",M001153,1957,,0.208,-0.289,-155.30791,0.67356,393,69,1.0
112,Senate,40900,81,0,AK,100,0,1,"BEGICH, Mark",B001265,1962,,-0.235,0.15,-88.4901,0.803,403,38,
112,Senate,15039,61,0,AZ,200,0,1,"McCAIN, John Sidney, III",M000303,1936,,0.381,-0.624,-95.51946,0.78128,387,42,1.0
112,Senate,15429,61,0,AZ,200,0,1,"KYL, Jon Llewellyn",K000352,1942,,0.548,-0.455,-103.17696,0.776,406,44,
112,Senate,20101,42,0,AR,200,0,1,"BOOZMAN, John",B001236,1950,,0.402,0.246,-83.36961,0.8127,402,37,1.0
112,Senate,40301,42,0,AR,100,0,1,"PRYOR, Mark",P000590,1963,,-0.199,0.463,-87.54621,0.806,405,40,
112,Senate,15011,71,0,CA,100,0,1,"BOXER, Barbara",B000711,1940,,-0.45,-0.423,-55.04957,0.864,378,19,
112,Senate,49300,71,0,CA,100,0,1,"FEINSTEIN, Dianne",F000062,1933,,-0.263,-0.17,-50.50959,0.88193,402,21,1.0
112,Senate,29906,62,0,CO,100,0,1,"UDALL, Mark",U000038,1950,,-0.353,0.049,-73.65591,0.833,403,35,
112,Senate,40910,62,0,CO,100,0,1,"BENNET, Michael F.",B001267,1964,,-0.208,-0.112,-56.2603,0.87,404,21,1.0
112,Senate,15704,1,0,CT,100,0,1,"LIEBERMAN, Joseph I.",L000304,1942,,-0.205,-0.312,-95.42711,0.786,396,44,
112,Senate,41101,1,0,CT,100,0,1,"BLUMENTHAL, Richard",B001277,1946,,-0.419,-0.096,-43.5976,0.896,397,17,1.0
112,Senate,15015,11,0,DE,100,0,1,"CARPER, Thomas Richard",C000174,1947,,-0.174,-0.22,-81.46801,0.8194,409,30,1.0
112,Senate,40916,11,0,DE,100,0,1,"COONS, Christopher A.",C001088,1963,,-0.282,-0.225,-43.63894,0.8988,409,17,1.0
112,Senate,14651,43,0,FL,100,0,1,"NELSON, Clarence William (Bill)",N000032,1942,,-0.192,0.342,-61.08127,0.86127,409,26,1.0
112,Senate,41102,43,0,FL,200,0,1,"RUBIO, Marco",R000595,1971,,0.589,-0.327,-102.77765,0.76624,386,43,1.0
112,Senate,29512,44,0,GA,200,0,1,"CHAMBLISS, Saxby",C000286,1943,,0.423,0.205,-91.02064,0.795,397,34,
112,Senate,29909,44,0,GA,200,0,1,"ISAKSON, Johnny",I000055,1944,,0.404,-0.017,-92.80827,0.7943,403,37,1.0
112,Senate,4812,82,0,HI,100,1,1,"INOUYE, Daniel Ken",I000025,1924,2012.0,-0.319,0.062,-40.21371,0.895,363,16,
112,Senate,14400,82,0,HI,100,0,1,"AKAKA, Daniel Kahikina",A000069,1924,,-0.419,0.273,-38.4816,0.909,402,17,
112,Senate,41112,82,0,HI,100,2,5,"SCHATZ, Brian Emanuel",S001194,1972,,-0.402,-0.119,-1.57643,0.9242,20,0,1.0
112,Senate,29345,63,0,ID,200,0,1,"CRAPO, Michael Dean",C000880,1951,,0.507,0.274,-98.76577,0.78264,403,46,1.0
112,Senate,40902,63,0,ID,200,0,1,"RISCH, James",R000584,1943,,0.631,0.575,-81.49492,0.81609,401,39,1.0
112,Senate,15021,21,0,IL,100,0,1,"DURBIN, Richard Joseph",D000563,1944,,-0.365,-0.358,-42.37716,0.90089,406,16,1.0
112,Senate,20115,21,0,IL,200,0,1,"KIRK, Mark Steven",K000360,1959,,0.274,-0.647,-49.77374,0.76,181,18,
112,Senate,14506,22,0,IN,200,0,1,"LUGAR, Richard Green",L000504,1932,,0.304,-0.466,-130.13743,0.725,405,58,
112,Senate,14806,22,0,IN,200,0,1,"COATS, Daniel Ray",C000542,1943,,0.375,-0.227,-99.19009,0.785,409,40,
112,Senate,14226,31,0,IA,200,0,1,"GRASSLEY, Charles Ernest",G000386,1933,,0.341,-0.07,-137.88358,0.71441,410,68,1.0
112,Senate,14230,31,0,IA,100,0,1,"HARKIN, Thomas Richard (Tom)",H000206,1939,,-0.351,-0.546,-59.50591,0.861,399,29,
112,Senate,14852,32,0,KS,200,0,1,"ROBERTS, Charles Patrick (Pat)",R000307,1936,,0.415,-0.096,-110.95974,0.75402,393,53,1.0
112,Senate,29722,32,0,KS,200,0,1,"MORAN, Jerry",M000934,1954,,0.412,0.268,-125.01529,0.72575,390,64,1.0
112,Senate,14921,51,0,KY,200,0,1,"McCONNELL, Addison Mitchell (Mitch)",M000355,1942,,0.404,0.003,-91.79855,0.7994,410,41,1.0
112,Senate,41104,51,0,KY,200,0,1,"PAUL, Rand",P000603,1963,,0.878,-0.479,-126.01564,0.72568,393,43,1.0
112,Senate,29918,45,0,LA,200,0,1,"VITTER, David",V000127,1961,,0.495,0.323,-122.49722,0.728,386,55,
112,Senate,49702,45,0,LA,100,0,1,"LANDRIEU, Mary L.",L000550,1955,,-0.203,0.444,-64.13669,0.852,400,28,
112,Senate,14661,2,0,ME,200,0,1,"SNOWE, Olympia Jean",S000663,1947,,0.091,-0.548,-143.73514,0.701,404,77,
112,Senate,49703,2,0,ME,200,0,1,"COLLINS, Susan Margaret",C001035,1952,,0.107,-0.574,-120.57655,0.74521,410,52,1.0
112,Senate,14440,52,0,MD,100,0,1,"MIKULSKI, Barbara Ann",M000702,1936,,-0.37,-0.128,-50.83496,0.882,404,21,
112,Senate,15408,52,0,MD,100,0,1,"CARDIN, Benjamin Louis",C000141,1943,,-0.329,-0.256,-41.68828,0.9031,409,12,1.0
112,Senate,14920,3,0,MA,100,0,1,"KERRY, John Forbes",K000148,1943,,-0.352,-0.382,-41.34711,0.899,390,25,
112,Senate,40913,3,0,MA,200,3,2,"BROWN, Scott P.",B001268,1959,,0.128,-0.294,-118.93215,0.747,407,52,
112,Senate,14709,23,0,MI,100,0,1,"LEVIN, Carl",L000261,1934,,-0.395,-0.116,-66.02555,0.851,410,25,
112,Senate,29732,23,0,MI,100,0,1,"STABENOW, Deborah Ann",S000770,1950,,-0.327,0.015,-69.7869,0.84172,405,31,1.0
112,Senate,40700,33,0,MN,100,0,1,"KLOBUCHAR, Amy",K000367,1960,,-0.24,-0.177,-65.0317,0.85299,409,30,1.0
112,Senate,40904,33,0,MN,100,0,1,"FRANKEN, Al",F000457,1951,,-0.413,-0.148,-37.97962,0.91153,410,12,1.0
112,Senate,14009,46,0,MS,200,0,1,"COCHRAN, William Thad",C000567,1937,,0.286,0.05,-122.06499,0.74197,409,63,1.0
112,Senate,29534,46,0,MS,200,0,1,"WICKER, Roger F.",W000437,1951,,0.376,0.365,-94.56597,0.79084,403,45,1.0
112,Senate,29735,34,0,MO,200,0,1,"BLUNT, Roy",B000575,1950,,0.431,0.287,-143.11269,0.70232,405,74,1.0
112,Senate,40701,34,0,MO,100,0,1,"McCASKILL, Claire",M001170,1953,,-0.146,-0.001,-133.98836,0.71355,397,52,1.0
112,Senate,14203,64,0,MT,100,0,1,"BAUCUS, Max Sieben",B000243,1941,,-0.212,0.017,-89.52452,0.802,406,40,
112,Senate,40702,64,0,MT,100,0,1,"TESTER, Jon",T000464,1956,,-0.214,0.172,-96.16469,0.78956,407,43,1.0
112,Senate,40103,35,0,NE,100,0,1,"NELSON, Earl Benjamin (Ben)",N000180,1941,,-0.03,0.588,-101.88529,0.779,408,47,
112,Senate,40905,35,0,NE,200,0,1,"JOHANNS, Mike",J000291,1950,,0.391,0.293,-113.89675,0.756,408,49,
112,Senate,15054,65,0,NV,100,0,1,"REID, Harry",R000146,1939,,-0.276,0.258,-77.47897,0.827,409,25,
112,Senate,20730,65,0,NV,200,2,5,"HELLER, Dean",H001041,1960,,0.463,-0.469,-244.60464,0.49315,346,105,1.0
112,Senate,29537,65,0,NV,200,1,1,"ENSIGN, John Eric",E000194,1958,,0.508,-0.464,-13.01926,0.71,38,8,
112,Senate,40906,4,0,NH,100,0,1,"SHAHEEN, Jeanne",S001181,1947,,-0.273,-0.348,-42.61736,0.90058,407,17,1.0
112,Senate,41106,4,0,NH,200,0,1,"AYOTTE, Kelly",A000368,1968,,0.351,-0.612,-95.77281,0.791,408,38,
112,Senate,14914,12,0,NJ,100,0,1,"LAUTENBERG, Frank Raleigh",L000123,1924,2013.0,-0.382,-0.579,-33.49883,0.916,380,11,
112,Senate,29373,12,0,NJ,100,0,1,"MENENDEZ, Robert",M000639,1954,,-0.36,-0.114,-52.15646,0.87917,405,19,1.0
112,Senate,14912,66,0,NM,100,0,1,"BINGAMAN, Jesse Francis, Jr. (Jeff)",B000468,1943,,-0.266,0.045,-57.43829,0.868,406,19,
112,Senate,29924,66,0,NM,100,0,1,"UDALL, Thomas (Tom)",U000039,1948,,-0.456,0.183,-34.86387,0.91673,401,13,1.0
112,Senate,14858,13,0,NY,100,0,1,"SCHUMER, Charles Ellis (Chuck)",S000148,1950,,-0.35,-0.403,-38.09745,0.90937,401,17,1.0
112,Senate,20735,13,0,NY,100,0,1,"GILLIBRAND, Kirsten",G000555,1966,,-0.346,0.081,-35.37618,0.91695,408,15,1.0
112,Senate,29548,47,0,NC,200,0,1,"BURR, Richard M.",B001135,1955,,0.454,-0.059,-100.47958,0.77185,388,41,1.0
112,Senate,40907,47,0,NC,100,0,1,"HAGAN, Kay",H001049,1953,,-0.202,0.281,-62.66907,0.857,405,27,
112,Senate,15502,36,0,ND,100,0,1,"CONRAD, Kent",C000705,1948,,-0.296,0.582,-58.95028,0.864,403,29,
112,Senate,41107,36,0,ND,200,0,1,"HOEVEN, John",H001061,1957,,0.338,0.334,-97.43452,0.7857,404,47,1.0
112,Senate,29386,24,0,OH,200,0,1,"PORTMAN, Robert Jones (Rob)",P000449,1955,,0.375,-0.257,-96.09448,0.79016,408,40,1.0
112,Senate,29389,24,0,OH,100,0,1,"BROWN, Sherrod",B000944,1952,,-0.439,-0.144,-46.5032,0.89152,405,22,1.0
112,Senate,15424,53,0,OK,200,0,1,"INHOFE, James Mountain",I000024,1934,,0.551,0.036,-101.51748,0.76979,388,48,1.0
112,Senate,29555,53,0,OK,200,0,1,"COBURN, Thomas Allen",C000560,1948,,0.782,0.055,-97.29195,0.776,383,51,
112,Senate,14871,72,0,OR,100,0,1,"WYDEN, Ronald Lee",W000779,1949,,-0.314,-0.407,-60.17095,0.85969,398,22,1.0
112,Senate,40908,72,0,OR,100,0,1,"MERKLEY, Jeff",M001176,1956,,-0.439,-0.763,-61.85871,0.859,407,25,1.0
112,Senate,29935,14,0,PA,200,0,1,"TOOMEY, Patrick Joseph",T000461,1961,,0.629,-0.291,-90.53552,0.79968,405,44,1.0
112,Senate,40703,14,0,PA,100,0,1,"CASEY, Robert (Bob), Jr.",C001070,1960,,-0.298,0.2,-57.43568,0.86839,407,27,1.0
112,Senate,29142,5,0,RI,100,0,1,"REED, John F. (Jack)",R000122,1949,,-0.39,-0.253,-46.76925,0.89195,409,16,1.0
112,Senate,40704,5,0,RI,100,0,1,"WHITEHOUSE, Sheldon",W000802,1955,,-0.425,-0.248,-42.6204,0.90081,408,17,1.0
112,Senate,29566,48,0,SC,200,0,1,"GRAHAM, Lindsey O.",G000359,1955,,0.409,-0.175,-134.46617,0.7151,401,61,1.0
112,Senate,29936,48,0,SC,200,1,1,"DeMINT, James W.",D000595,1951,,0.7,-0.102,-83.44081,0.798,369,40,
112,Senate,15425,37,0,SD,100,0,1,"JOHNSON, Timothy Peter (Tim)",J000177,1946,,-0.25,0.143,-48.57826,0.887,406,17,
112,Senate,29754,37,0,SD,200,0,1,"THUNE, John",T000250,1961,,0.409,0.125,-84.77541,0.80901,400,37,1.0
112,Senate,40304,54,0,TN,200,0,1,"ALEXANDER, Lamar",A000360,1940,,0.323,-0.184,-107.35639,0.76358,398,45,1.0
112,Senate,40705,54,0,TN,200,0,1,"CORKER, Robert (Bob)",C001071,1952,,0.391,-0.321,-93.74112,0.79155,401,39,1.0
112,Senate,40305,49,0,TX,200,0,1,"CORNYN, John",C001056,1952,,0.497,-0.018,-83.31293,0.81407,405,37,1.0
112,Senate,49306,49,0,TX,200,0,1,"HUTCHISON, Kathryn Ann Bailey (Kay)",H001016,1943,,0.356,0.012,-104.24529,0.762,384,48,
112,Senate,14503,67,0,UT,200,0,1,"HATCH, Orrin Grant",H000338,1934,,0.382,-0.006,-129.92903,0.70253,368,54,1.0
112,Senate,41110,67,0,UT,200,0,1,"LEE, Mike",L000577,1971,,0.921,-0.389,-86.31989,0.80502,398,42,1.0
112,Senate,14307,6,0,VT,100,0,1,"LEAHY, Patrick Joseph",L000174,1940,,-0.375,-0.139,-52.43345,0.87772,402,20,1.0
112,Senate,29147,6,0,VT,328,0,1,"SANDERS, Bernard",S000033,1941,,-0.511,-0.31,-99.59231,0.77959,400,31,1.0
112,Senate,40706,40,0,VA,100,0,1,"WEBB, James H. (Jim)",W000803,1946,,-0.169,0.023,-100.69257,0.773,391,45,
112,Senate,40909,40,0,VA,100,0,1,"WARNER, Mark",W000805,1954,,-0.196,-0.019,-68.12269,0.83973,390,26,1.0
112,Senate,39310,73,0,WA,100,0,1,"CANTWELL, Maria E.",C000127,1958,,-0.287,-0.402,-73.268,0.83562,408,31,1.0
112,Senate,49308,73,0,WA,100,0,1,"MURRAY, Patty",M001111,1950,,-0.342,-0.296,-48.93005,0.88567,403,18,1.0
112,Senate,14922,56,0,WV,100,0,1,"ROCKEFELLER, John Davison IV (Jay)",R000361,1937,,-0.326,0.177,-48.84087,0.879,380,21,
112,Senate,40915,56,0,WV,100,3,2,"MANCHIN, Joe, III",M001183,1947,,-0.062,0.459,-141.10605,0.70702,407,64,1.0
112,Senate,15703,25,0,WI,100,0,1,"KOHL, Herbert H.",K000305,1935,,-0.256,-0.406,-63.35858,0.852,396,27,
112,Senate,41111,25,0,WI,200,0,1,"JOHNSON, Ron",J000293,1955,,0.594,-0.329,-72.16244,0.83825,409,34,1.0
112,Senate,40707,68,0,WY,200,0,1,"BARRASSO, John A.",B001261,1952,,0.528,0.226,-82.87727,0.81286,400,29,1.0
112,Senate,49706,68,0,WY,200,0,1,"ENZI, Michael B.",E000285,1944,,0.537,0.177,-75.9791,0.82661,399,30,1.0
